experiment_type,dataset,horizon,perturbation,n_pairs,delta_rmse_mean,delta_rmse_pct_mean,delta_mae_mean,delta_tod_mean
W3,ETTh2,96,tod_shift,1,0.012821882134732121,0.3557751180518498,0.012924671173095703,
W3,ETTh2,96,smooth,1,0.003165061943158687,0.08782254232539198,0.002598285675048828,
