experiment_type,dataset,plot_type,mse_real,rmse,cg_bestlag
W3,ETTh1,lag_distribution,17.854501724243164,4.225458759027612,-0.5739182692307693
W3,ETTh1,lag_distribution,18.537940979003903,4.305570923699191,-0.5114182692307693
W3,ETTh1,lag_distribution,17.602479934692383,4.195530947888763,-0.4975961538461538
W3,ETTh1,lag_distribution,17.854501724243164,4.225458759027612,-0.5739182692307693
W3,ETTh1,lag_distribution,18.537940979003903,4.305570923699191,-0.5114182692307693
W3,ETTh1,lag_distribution,17.602479934692383,4.195530947888763,-0.4975961538461538
W3,ETTh1,lag_distribution,17.854501724243164,4.225458759027612,-0.5739182692307693
W3,ETTh1,lag_distribution,18.537940979003903,4.305570923699191,-0.5114182692307693
W3,ETTh1,lag_distribution,17.602479934692383,4.195530947888763,-0.49759615384615385
