experiment_type,dataset,horizon,n_pairs,delta_rmse_mean,delta_rmse_pct_mean,delta_mae_mean,delta_tod_mean,delta_var_time_mean
W2,ETTh1,96,1,0.0351019985973835,1.1322300434112549,0.09431900084018707,0.0004689999914262444,-0.0008520000264979899
