experiment_type,dataset,plot_type,horizon,seed,mode,grad_align_s,grad_align_m,grad_align_d,grad_align_mean
W1,ETTh1,grad_align_bar,96,42,per_layer,-0.0050270902894795,0.006472451118315,0.0017682838273957,0.0011707961628368
W1,ETTh1,grad_align_bar,96,42,last_layer,-0.0021986987912369,-0.002928914418603,-0.002077411798344,-0.002355351687816
W1,ETTh1,grad_align_bar,192,42,per_layer,0.006337831320163655,-0.00441091955566231,-0.004508977799889068,-0.0013818728386663594
