experiment_type,dataset,plot_type,horizon,seed,mode,mse_real,rmse,rmse_std,mae,cg_bestlag,w4_layerwise_gate_usage,gate_var_t,gate_var_b,gate_entropy,gate_channel_kurt,gate_channel_sparsity,gate_q10,gate_q50,gate_q90,gate_hist10,cka_s,cka_m,cka_d
W4,ETTh1,rmse_line,96,42,all,17.854501724243164,4.225458759027612,0.3571938922757267,2.5698235034942627,-0.5739182692307693,0.4999042366232191,0.2024272680282592,0.2024272680282592,2.8375563621521,-1.9999995231628416,0.7432902426695083,0.0499004684388637,0.49970743060112,0.9499539732933044,14;0;0;0;0;0;0;0;0;14,,,
W4,ETTh1,rmse_line,96,42,shallow,15.981157302856444,3.997643968996795,0.5970041965725938,2.444169044494629,0.0775240384615384,0.4988343715667724,0.201670303940773,0.201670303940773,2.8376219272613525,-1.9999988079071045,0.7433066158543238,0.0499439612030983,0.4988419711589813,0.948295831680298,14;0;0;0;0;0;0;0;0;14,,,
W4,ETTh1,rmse_line,96,42,mid,16.472124099731445,4.058586465720725,0.4557612873434049,2.4857447147369385,0.0673076923076923,0.4991322060426076,0.201945498585701,0.201945498585701,2.837571859359741,-1.9999970197677608,0.7432940132530169,0.0498172417283058,0.4989446699619293,0.9491621255874634,14;0;0;0;0;0;0;0;0;14,,,
W4,ETTh1,rmse_line,96,42,deep,17.496376037597656,4.182866963889439,0.5169671581232568,2.5431244373321533,-0.5835336538461539,0.49921897053718567,0.20211657881736755,0.20211657881736755,2.8375909328460693,-1.9999977350234985,0.7432986517378639,0.05000000074505806,0.499248206615448,0.94962477684021,14;0;0;0;0;0;0;0;0;14,,,
