experiment_type,dataset,plot_type,horizon,seed,mode,mse_real,rmse,mae,cg_bestlag,w5_gate_event_alignment_loss
W5,ETTh1,gate_distribution,96,42,dynamic,17.854501724243164,4.225458759027612,2.5698235034942627,-0.5739182692307693,0.0
W5,ETTh1,gate_distribution,96,42,fixed,17.854501724243164,4.225458759027612,2.5698235034942627,-0.5739182692307693,0.0
