experiment_type,dataset,plot_type,horizon,seed,mode,model_tag,run_tag,tod_bins,tod_amp_s,tod_amp_m,tod_amp_d,tod_amp_mean,valid_ratio,nan_count,amp_method
W2,ETTh1,gate_tod_heatmap,96,42,dynamic,HyperConv,W2_ETTh1_96_42_dynamic,2,0.0001900000061141,0.0007270000060088,0.0045699998736381,0.0018289999570697,1.0,0,range
W2,ETTh1,gate_tod_heatmap,96,42,static,HyperConv,W2_ETTh1_96_42_static,2,0.0017610000213608,0.0013559999642893,0.0009640000062063,0.0013599999947473,1.0,0,range
W2,ETTh1,gate_tod_heatmap,192,42,dynamic,HyperConv,W2_ETTh1_192_42_dynamic,2,0.0002840000088326,0.0007539999787695,0.0040139998309314,0.0016840000171214,1.0,0,range
W2,ETTh1,gate_tod_heatmap,192,42,static,HyperConv,W2_ETTh1_192_42_static,2,0.0005380000220611,0.0015059999423101,0.0005109999910928,0.0008520000264979,1.0,0,range
W2,ETTh1,gate_tod_heatmap,336,42,dynamic,HyperConv,W2_ETTh1_336_42_dynamic,2,0.0002619999868329,0.0006430000066757,0.0036059999838471,0.0015040000434964,1.0,0,range
W2,ETTh1,gate_tod_heatmap,336,42,static,HyperConv,W2_ETTh1_336_42_static,2,0.0005619999719783,0.0006220000213943,0.0001619999966351,0.0004490000137593,1.0,0,range
W2,ETTh1,gate_tod_heatmap,720,42,dynamic,HyperConv,W2_ETTh1_720_42_dynamic,2,0.0001710000069579,0.0004290000069886,0.0028619999065995,0.0011540000559762,1.0,0,range
W2,ETTh1,gate_tod_heatmap,720,42,static,HyperConv,W2_ETTh1_720_42_static,2,0.0003600000054575503,0.0008069999748840928,0.00012199999764561653,0.0004299999854993075,1.0,0,range
