experiment_type,dataset,plot_type,horizon,seed,mode,mse_real,rmse,mae,cg_bestlag
W3,ETTh1,effect_size_bar,96,42,none,17.854501724243164,4.225458759027612,2.5698235034942627,-0.5739182692307693
W3,ETTh1,effect_size_bar,96,42,tod_shift,18.43888092041016,4.294051806908034,2.600882053375244,-0.4549278846153846
W3,ETTh1,effect_size_bar,96,42,smooth,17.628494262695312,4.198630045942999,2.55261492729187,-0.4308894230769231
