experiment_type,dataset,plot_type,horizon,seed,mode,mse_real,rmse,mae,cg_bestlag
W3,ETTh1,effect_size_bar,96,42,none,17.854501724243164,4.225458759027612,2.5698235034942627,-0.5739182692307693
W3,ETTh1,effect_size_bar,96,42,tod_shift,18.537940979003903,4.305570923699191,2.606551170349121,-0.5114182692307693
W3,ETTh1,effect_size_bar,96,42,smooth,17.602479934692383,4.195530947888763,2.551196336746216,-0.49759615384615385
