dataset,horizon,seed,mode,model_tag,experiment_type,mse_std,mse_real,rmse,mae,mae_std,cg_pearson_mean,cg_spearman_mean,cg_dcor_mean,cg_event_gain,cg_event_hit,cg_maxcorr,cg_bestlag,gc_kernel_tod_dcor,gc_feat_tod_dcor,gc_feat_tod_r2,gc_kernel_feat_dcor,gc_kernel_feat_align,w1_cka_similarity_cnn_gru,w1_layerwise_upward_improvement,w1_inter_path_gradient_align,cka_s,cka_m,cka_d,cka_diag_mean,cka_full_mean,grad_align_s,grad_align_m,grad_align_d,grad_align_mean
ETTh1,96,42,per_layer,HyperConv,W1,0.4285098910331726,9.395216941833496,3.06516181331973,1.8119992017745967,0.2314158797152642,-0.1007349044084549,-0.0646381601691246,0.2332727791333051,1.0007736927901325,0.1862980769230769,0.6425466428203912,-0.7902644230769231,0.7051337355131239,0.8109505039784677,0.0141186905982285,0.999999999,0.999999999,0.1399425644926252,,-0.0165857058018445,0.8267449954158028,0.8979891912802062,0.9115976696348712,0.8863285322827047,0.864861060304872,-0.0050270902894795,0.006472451118315,0.0017682838273957,0.0011707961628368
ETTh1,96,42,last_layer,HyperConv,W1,0.4991374015808105,10.211495399475098,3.1955430523582526,1.925910711288452,0.2717895732538386,,,,,,,,,,,,,0.3844702895208897,,-0.0081751998513937,0.6943360133294636,0.4163884920782879,0.3223875604840499,0.4556293490642925,0.4545742983545052,-0.0021986987912369,-0.002928914418603,-0.002077411798344,-0.002355351687816
ETTh1,192,42,per_layer,HyperConv,W1,0.4974849820137024,10.097611427307129,3.1776739019772196,1.9250251054763794,0.24091619530057556,-0.07230599969625473,-0.0470249205827713,0.22867945115079188,1.0217650422445415,0.2080965909090909,0.6420203880651022,-0.6228693181818182,0.6667813300839192,0.7967841440029051,0.013524229797303822,0.999999999,0.999999999,0.14764279767215227,,0.0010255725355818868,0.8655932704761902,0.9524567503595945,0.9232096174630233,0.9200580006607079,0.888070898528136,0.006337831320163655,-0.00441091955566231,-0.004508977799889068,-0.0013818728386663594
