experiment_type,dataset,plot_type,mse_real,rmse,cg_bestlag,w1_cka_similarity_cnn_gru,gate_var_t,gate_var_b,gate_entropy,gate_channel_kurt,gate_channel_sparsity,gate_q10,gate_q50,gate_q90,gate_hist10,cka_s,cka_m,cka_d
W1,ETTh1,cka_heatmap,17.854501724243164,4.225458759027612,-0.5739182692307693,,0.2024272680282592,0.2024272680282592,2.8375563621521,-1.9999995231628416,0.7432902426695083,0.0499004684388637,0.49970743060112,0.9499539732933044,14;0;0;0;0;0;0;0;0;14,0.7189079386872538,0.8183495161394597,0.6844962400972032
W1,ETTh1,cka_heatmap,14.986374855041504,3.8712239479319073,,,0.202499970793724,0.202499970793724,2.8375725746154785,-1.9999998807907104,0.7432941648609944,0.050000000745058,0.5,0.949999988079071,14;0;0;0;0;0;0;0;0;14,0.3953610770714232,0.3098518155779409,0.2760618851883014
W1,ETTh1,cka_heatmap,17.854501724243164,4.225458759027612,-0.5739182692307693,,0.2024272680282592,0.2024272680282592,2.8375563621521,-1.9999995231628416,0.7432902426695083,0.0499004684388637,0.49970743060112,0.9499539732933044,14;0;0;0;0;0;0;0;0;14,0.7189079386872538,0.8183495161394597,0.6844962400972032
W1,ETTh1,cka_heatmap,14.986374855041504,3.8712239479319073,,,0.202499970793724,0.202499970793724,2.8375725746154785,-1.9999998807907104,0.7432941648609944,0.050000000745058,0.5,0.949999988079071,14;0;0;0;0;0;0;0;0;14,0.3953610770714232,0.3098518155779409,0.2760618851883014
W1,ETTh1,cka_heatmap,17.854501724243164,4.225458759027612,-0.5739182692307693,,0.2024272680282592,0.2024272680282592,2.8375563621521,-1.9999995231628416,0.7432902426695083,0.0499004684388637,0.49970743060112,0.9499539732933044,14;0;0;0;0;0;0;0;0;14,0.7189079386872538,0.8183495161394597,0.6844962400972032
W1,ETTh1,cka_heatmap,14.986374855041504,3.8712239479319073,,,0.20249997079372406,0.20249997079372406,2.8375725746154785,-1.9999998807907104,0.7432941648609944,0.05000000074505806,0.5,0.949999988079071,14;0;0;0;0;0;0;0;0;14,0.39536107707142326,0.30985181557794095,0.27606188518830144
