dataset,horizon,seed,mode,model_tag,experiment_type,mse_std,mse_real,rmse,mae,mae_std,cg_pearson_mean,cg_spearman_mean,cg_dcor_mean,cg_event_gain,cg_event_hit,cg_maxcorr,cg_bestlag,gc_kernel_tod_dcor,gc_feat_tod_dcor,gc_feat_tod_r2,gc_kernel_feat_dcor,gc_kernel_feat_align,w1_cka_similarity_cnn_gru,w1_cca_similarity_cnn_gru,w1_layerwise_upward_improvement,w1_inter_path_gradient_align,cka_s,cka_m,cka_d,grad_align_s,grad_align_m,grad_align_d
ETTh1,96,42,per_layer,HyperConv,W1,0.7754665017127991,17.854501724243164,4.225458759027612,2.5698235034942627,0.2728828943614499,-0.1004921495914459,-0.0814284607768058,0.2310909837996706,0.9715471683034244,0.1929086538461538,0.6392468793992621,-0.5739182692307693,0.3807201680957188,0.6817324995685728,0.00746709045492,0.999999999,0.999999999,0.113825860092329,0.3619493632857276,0.0174066698679113,-0.0012497067218646,0.7197936916559786,0.8189770953500788,0.6847160917952615,,,
ETTh1,96,42,last_layer,HyperConv,W1,0.6710519194602966,14.986374855041504,3.8712239479319073,2.3416638374328613,0.3681582081209082,,,,,,,,,,,,,0.7546039698001517,0.5556197267165748,,0.0011120664421468973,0.3965175123656876,0.31086988792915865,0.2771843037585791,,,
