dataset,horizon,seed,mode,model_tag,experiment_type,mse_std,mse_real,rmse,mae,cg_pearson_mean,cg_spearman_mean,cg_dcor_mean,cg_event_gain,cg_event_hit,cg_maxcorr,cg_bestlag,gc_kernel_tod_dcor,gc_feat_tod_dcor,gc_feat_tod_r2,gc_kernel_feat_dcor,gc_kernel_feat_align,w4_layer_contribution_score,w4_layerwise_gate_usage,w4_layerwise_representation_similarity,cka_s,cka_m,cka_d
ETTh1,96,42,all,HyperConv,W4,0.7754665017127991,17.854501724243164,4.225458759027612,,-0.1004921495914459,-0.0814284607768058,0.2310909837996706,0.9715471683034244,0.1929086538461538,0.6392468793992621,-0.5739182692307693,0.3807201680957188,0.6817324995685728,0.00746709045492,0.999999999,0.999999999,0.4999042366232191,0.4999042366232191,0.6946587200560341,0.7189079386872538,0.8183495161394597,0.6844962400972032
ETTh1,96,42,shallow,HyperConv,W4,0.7123547196388245,15.981157302856444,3.997643968996795,,-0.1160028353333473,-0.0865614488720893,0.4952601220508575,0.9725833000221218,0.1661658653846154,0.7070840094078186,0.0775240384615384,,0.999999999,0.024460720077637,,,0.1425241061619349,0.4988343715667724,0.5351571618019368,0.7018985679501915,0.7323816383584775,0.5243042291825853
ETTh1,96,42,mid,HyperConv,W4,0.7178399562835693,16.517480850219727,4.064170376622974,,-0.1761553883552551,-0.1163704693317413,0.5405071267647288,0.9597709124119808,0.1433293269230769,0.7120984747469373,-0.0847355769230769,,0.999999999,0.0150769816166694,,,0.1425349201474871,0.4988722205162048,0.5074457109794426,0.4152185267715881,0.6174729283327719,0.613959002175362
ETTh1,96,42,deep,HyperConv,W4,0.7473428845405579,17.496376037597656,4.182866963889439,,-0.22614812850952148,-0.14525757730007172,0.32090254372859367,0.8942252643621311,0.14212740384615385,0.6559305338526242,-0.5835336538461539,0.5108136960924442,0.8089120516429208,0.029638918868805188,0.999999999,0.999999999,0.14263399158205303,0.49921897053718567,0.47922388562573975,0.4171958024059443,0.338805747050389,0.6294704042700813
