dataset,horizon,seed,mode,model_tag,experiment_type,mse_std,mse_real,rmse,mae,mae_std,cg_pearson_mean,cg_spearman_mean,cg_dcor_mean,cg_event_gain,cg_event_hit,cg_maxcorr,cg_bestlag,gc_kernel_tod_dcor,gc_feat_tod_dcor,gc_feat_tod_r2,gc_kernel_feat_dcor,gc_kernel_feat_align,w4_layer_contribution_score,w4_layerwise_gate_usage,w4_layerwise_representation_similarity,cka_s,cka_m,cka_d
ETTh1,96,42,all,HyperConv,W4,0.7754665017127991,17.854501724243164,4.225458759027612,2.5698235034942627,0.2728828943614499,-0.1004921495914459,-0.0814284607768058,0.2310909837996706,0.9715471683034244,0.1929086538461538,0.6392468793992621,-0.5739182692307693,0.3807201680957188,0.6817324995685728,0.00746709045492,0.999999999,0.999999999,0.4999042366232191,0.4999042366232191,0.6946587200560341,0.7189079386872538,0.8183495161394597,0.6844962400972032
ETTh1,96,42,shallow,HyperConv,W4,0.7123547196388245,15.981157302856444,3.997643968996795,2.444169044494629,0.3508316618799523,-0.1160028353333473,-0.0865614488720893,0.4952601220508575,0.9725833000221218,0.1661658653846154,0.7070840094078186,0.0775240384615384,,0.999999999,0.024460720077637,,,0.1425241061619349,0.4988343715667724,0.5351571618019368,0.7018985679501915,0.7323816383584775,0.5243042291825853
ETTh1,96,42,mid,HyperConv,W4,0.724101185798645,16.472124099731445,4.058586465720725,2.4857447147369385,0.3100407513761699,-0.1566531062126159,-0.1146105378866195,0.5200878754962802,0.9578400290786072,0.1277043269230769,0.6930484827826441,0.0673076923076923,,0.999999999,0.0151884657152707,,,0.2139138025896889,0.4991322060426076,0.6071521788941298,0.4261560173956087,0.6396269404654632,0.7294050548273355
ETTh1,96,42,deep,HyperConv,W4,0.7473428845405579,17.496376037597656,4.182866963889439,2.5431244373321533,0.3364710634080153,-0.22614812850952148,-0.14525757730007172,0.32090254372859367,0.8942252643621311,0.14212740384615385,0.6559305338526242,-0.5835336538461539,0.5108136960924442,0.8089120516429208,0.029638918868805188,0.999999999,0.999999999,0.14263399158205303,0.49921897053718567,0.47922388562573975,0.4171958024059443,0.338805747050389,0.6294704042700813
