dataset,horizon,seed,mode,model_tag,experiment_type,mse_std,mse_real,rmse,mae,cg_pearson_mean,cg_spearman_mean,cg_dcor_mean,cg_event_gain,cg_event_hit,cg_maxcorr,cg_bestlag,gc_kernel_tod_dcor,gc_feat_tod_dcor,gc_feat_tod_r2,gc_kernel_feat_dcor,gc_kernel_feat_align,w1_cka_similarity_cnn_gru,w1_cca_similarity_cnn_gru,w1_layerwise_upward_improvement,w1_inter_path_gradient_align,cka_s,cka_m,cka_d,grad_align_s,grad_align_m,grad_align_d
ETTh1,96,42,per_layer,HyperConv,W1,0.7754665017127991,17.854501724243164,4.225458759027612,,-0.1004921495914459,-0.0814284607768058,0.2310909837996706,0.9715471683034244,0.1929086538461538,0.6392468793992621,-0.5739182692307693,0.3807201680957188,0.6817324995685728,0.00746709045492,0.999999999,0.999999999,,,,,0.7189079386872538,0.8183495161394597,0.6844962400972032,,,
ETTh1,96,42,last_layer,HyperConv,W1,0.6710519194602966,14.986374855041504,3.8712239479319073,,,,,,,,,,,,,,,,,,0.39536107707142326,0.30985181557794095,0.27606188518830144,,,
