dataset,horizon,seed,mode,model_tag,experiment_type,mse_std,mse_real,rmse,mae,mae_std,cg_pearson_mean,cg_spearman_mean,cg_dcor_mean,cg_event_gain,cg_event_hit,cg_maxcorr,cg_bestlag,gc_kernel_tod_dcor,gc_feat_tod_dcor,gc_feat_tod_r2,gc_kernel_feat_dcor,gc_kernel_feat_align,w5_performance_degradation_ratio,w5_sensitivity_gain_loss,w5_event_gain_loss,w5_gate_event_alignment_loss,rmse_fixed,mae_fixed,gc_kernel_tod_dcor_fixed,cg_event_gain_fixed,w2_gate_variability_time,w2_gate_variability_sample,w2_gate_entropy,w2_gate_tod_alignment,w2_gate_gru_state_alignment,w2_event_conditional_response,w2_channel_selectivity_kurtosis,w2_channel_selectivity_sparsity,gate_var_t,gate_var_b,gate_entropy,gate_q10,gate_q50,gate_q90,gate_hist10
ETTh1,96,42,dynamic,HyperConv,W5,0.7754665017127991,17.854501724243164,4.225458759027612,2.5698235034942627,0.2728828943614499,-0.1004921495914459,-0.0814284607768058,0.2310909837996706,0.9715471683034244,0.1929086538461538,0.6392468793992621,-0.5739182692307693,0.3807201680957188,0.6817324995685728,0.00746709045492,0.999999999,0.999999999,0.0,0.0,0.0,0.0,4.225458759027612,2.5698235034942627,0.3807201680957188,0.9715471683034244,,,,,,,,,,,,,,,
ETTh1,96,42,fixed,HyperConv,W5,0.7754665017127991,17.854501724243164,4.225458759027612,2.5698235034942627,0.27288289436144997,-0.10049214959144592,-0.08142846077680588,0.2310909837996706,0.9715471683034244,0.19290865384615385,0.6392468793992621,-0.5739182692307693,0.3807201680957188,0.6817324995685728,0.007467090454920007,0.999999999,0.999999999,0.0,0.0,0.0,0.0,4.225458759027612,2.5698235034942627,0.3807201680957188,0.9715471683034244,,,,,,,,,,,,,,,
