dataset,horizon,seed,mode,model_tag,experiment_type,mse_std,mse_real,rmse,mae,mae_std,cg_pearson_mean,cg_spearman_mean,cg_dcor_mean,cg_event_gain,cg_event_hit,cg_maxcorr,cg_bestlag,gc_kernel_tod_dcor,gc_feat_tod_dcor,gc_feat_tod_r2,gc_kernel_feat_dcor,gc_kernel_feat_align,w3_intervention_effect_rmse,w3_intervention_effect_tod,w3_intervention_effect_peak,w3_intervention_cohens_d,w3_rank_preservation_rate,w3_lag_distribution_change,bestlag_neg_ratio,bestlag_var,bestlag_hist21
ETTh1,96,42,none,HyperConv,W3,0.7754665017127991,17.854501724243164,4.225458759027612,2.5698235034942627,0.2728828943614499,-0.1004921495914459,-0.0814284607768058,0.2310909837996706,0.9715471683034244,0.1929086538461538,0.6392468793992621,-0.5739182692307693,0.3807201680957188,0.6817324995685728,0.00746709045492,0.999999999,0.999999999,0.0,0.0,0.0,,0.0,0.0,,,
ETTh1,96,42,tod_shift,HyperConv,W3,0.7888411283493042,18.43888092041016,4.294051806908034,2.600882053375244,0.2740463443735778,-0.0973721295595169,-0.0720954090356826,0.2318479824996664,0.9794806532311038,0.1971153846153846,0.6394402957879599,-0.4549278846153846,0.3729185054126036,0.6247752276092855,0.0074627491845715,0.999999999,0.999999999,0.0162332782763192,-0.0078016626831152,0.0079334849276794,0.2933554725084676,0.4242788461538461,0.1189903846153846,,,
ETTh1,96,42,smooth,HyperConv,W3,0.7611240744590759,17.628494262695312,4.198630045942999,2.55261492729187,0.2742893208235713,-0.1042676493525505,-0.07179976254701614,0.2283173519669533,0.9822862280461078,0.1953125,0.6379143452363879,-0.4308894230769231,0.4195982926435853,0.7437526256738957,0.009022737790641926,0.999999999,0.999999999,-0.006349301842619427,0.03887812454786649,0.01073905974268341,-0.16956885803103083,0.4188701923076923,0.1430288461538462,,,
