dataset,horizon,seed,mode,model_tag,experiment_type,mse_std,mse_real,rmse,mae,cg_pearson_mean,cg_spearman_mean,cg_dcor_mean,cg_event_gain,cg_event_hit,cg_maxcorr,cg_bestlag,gc_kernel_tod_dcor,gc_feat_tod_dcor,gc_feat_tod_r2,gc_kernel_feat_dcor,gc_kernel_feat_align,w3_intervention_effect_rmse,w3_intervention_effect_tod,w3_intervention_effect_peak,w3_intervention_cohens_d,w3_rank_preservation_rate,w3_lag_distribution_change,bestlag_neg_ratio,bestlag_var,bestlag_hist21
ETTh1,96,42,none,HyperConv,W3,0.7754665017127991,17.854501724243164,4.225458759027612,,-0.1004921495914459,-0.0814284607768058,0.2310909837996706,0.9715471683034244,0.1929086538461538,0.6392468793992621,-0.5739182692307693,0.3807201680957188,0.6817324995685728,0.00746709045492,0.999999999,0.999999999,0.0,0.0,0.0,,,,,,
ETTh1,96,42,tod_shift,HyperConv,W3,0.793206512928009,18.537940979003903,4.305570923699191,,-0.113586314022541,-0.0925604030489921,0.240224379050043,0.9678163584142636,0.1844951923076923,0.6403650610555682,-0.5114182692307693,0.3625758832967772,0.6320695820007305,0.0078154583991053,0.999999999,0.999999999,0.0150631110065855,-0.02021125541681,-0.0084357921284837,0.2890856434679396,,,,,
ETTh1,96,42,smooth,HyperConv,W3,0.7599523067474365,17.602479934692383,4.195530947888763,,-0.10444507002830505,-0.06954240798950195,0.23074580298024655,0.9860162582749931,0.19080528846153846,0.6390033837829482,-0.49759615384615385,0.4216595250150481,0.7445578270078939,0.00902230020373924,0.999999999,0.999999999,-0.006506908566534735,0.038198170262276065,0.010617049769140241,-0.17255925857810914,,,,,
