experiment_type,dataset,plot_type,mse_real,rmse,cg_bestlag,w5_gate_event_alignment_loss
W5,ETTh1,degradation_bar,17.854501724243164,4.225458759027612,-0.5739182692307693,0.0
W5,ETTh1,degradation_bar,17.854501724243164,4.225458759027612,-0.5739182692307693,0.0
W5,ETTh1,degradation_bar,17.854501724243164,4.225458759027612,-0.5739182692307693,0.0
W5,ETTh1,degradation_bar,17.854501724243164,4.225458759027612,-0.5739182692307693,0.0
